Pantry,Bread
Pantry,Milk
Pantry,Eggs
Pantry,Butter
Pantry,Cheese
Pantry,Rice
Pantry,Pasta
Pantry,Canned Beans
Pantry,Canned Tomatoes
Pantry,Flour
Pantry,Sugar
Pantry,Coffee
Pantry,Tea
Pantry,Cooking Oil
Pantry,Salt
Pantry,Pepper
Pantry,Spices
Pantry,Honey
Pantry,Oats
Pantry,Peanut Butter
Pantry,Jelly
Pantry,Cereal
Pantry,Granola Bars
Pantry,Nuts
Pantry,Dried Fruit
Pantry,Canned Tuna
Pantry,Broth
Pantry,Soy Sauce
Pantry,Vinegar
Pantry,Hot Sauce
Pantry,Mustard
Pantry,Mayonnaise
Pantry,Canned Corn
Pantry,Canned Peas
Pantry,Chicken Stock
Pantry,Pancake Mix
Pantry,Syrup
Pantry,Baking Powder
Pantry,Baking Soda
Pantry,Yeast
Pantry,Chocolate Chips
Pantry,Cocoa Powder
Pantry,Coconut Oil
Pantry,Tomato Sauce
Pantry,Ketchup
Pantry,Brown Sugar
Pantry,Vanilla Extract
Pantry,Almond Butter
Pantry,Canned Soup
Pantry,Powdered Sugar
Pantry,Pickles
Pantry,Canned Salmon
Household Goods,Toilet Paper
Household Goods,Paper Towels
Household Goods,Trash Bags
Household Goods,Aluminum Foil
Household Goods,Plastic Wrap
Household Goods,Batteries
Household Goods,Light Bulbs
Household Goods,Toothpaste
Household Goods,Shampoo
Household Goods,Body Wash
Household Goods,Hand Soap
Household Goods,Lotion
Household Goods,Deodorant
Household Goods,Scissors
Household Goods,Super Glue
Household Goods,Measuring Tape
Household Goods,Night Light
Household Goods,Picture Hooks
Household Goods,Foil Pans
Household Goods,Zip-top Bags
Household Goods,Wax Paper
Household Goods,Parchment Paper
Household Goods,Cotton Swabs
Household Goods,Facial Tissues
Household Goods,Hand Sanitizer
Household Goods,Bandages
Cleaning Products,Dish Soap
Cleaning Products,Laundry Detergent
Cleaning Products,All-Purpose Cleaner
Cleaning Products,Glass Cleaner
Cleaning Products,Bleach
Cleaning Products,Sponges
Cleaning Products,Disinfecting Wipes
Cleaning Products,Toilet Bowl Cleaner
Cleaning Products,Air Freshener
Cleaning Products,Mop
Cleaning Products,Broom and Dustpan
Cleaning Products,Laundry Softener
Cleaning Products,Dishwasher Detergent
Cleaning Products,Oven Cleaner
Cleaning Products,Carpet Cleaner
Cleaning Products,Furniture Polish
Cleaning Products,Mold Remover
Cleaning Products,Drain Cleaner
Cleaning Products,Rubber Gloves
Cleaning Products,Floor Cleaner
Cleaning Products,Stainless Steel Cleaner
Cleaning Products,Bathroom Cleaner
Cleaning Products,Dusting Spray
Cleaning Products,Lint Roller
Cleaning Products,Toilet Brush
Cleaning Products,Garbage Disposal Cleaner
Cleaning Products,Metal Polish
Baby Products,Diapers
Baby Products,Baby Wipes
Baby Products,Baby Shampoo
Baby Products,Baby Food
Fresh Produce,Apples
Fresh Produce,Bananas
Fresh Produce,Carrots
Fresh Produce,Spinach
Fresh Produce,Oranges
Fresh Produce,Lettuce
Fresh Produce,Tomatoes
Fresh Produce,Cucumbers
Fresh Produce,Bell Peppers
Fresh Produce,Broccoli
Fresh Produce,Potatoes
Fresh Produce,Onions
Fresh Produce,Garlic
Meat and Seafood,Chicken Breasts
Meat and Seafood,Ground Beef
Meat and Seafood,Salmon Fillets
Meat and Seafood,Bacon
Meat and Seafood,Pork Chops
Meat and Seafood,Shrimp
Meat and Seafood,Turkey Slices
Meat and Seafood,Ham
Meat and Seafood,Sausage Links
Meat and Seafood,Hot Dogs
Frozen Foods,Frozen Vegetables
Frozen Foods,Ice Cream
Frozen Foods,Frozen Pizza
Frozen Foods,Frozen Fruit
Health and Wellness,Vitamins
Health and Wellness,Pain Relievers
Health and Wellness,First Aid Kit
Health and Wellness,Hand Sanitizer
Laundry Supplies,Laundry Detergent
Laundry Supplies,Fabric Softener
Laundry Supplies,Stain Remover
Laundry Supplies,Fabric Bleach
Laundry Supplies,Dryer Sheets
Laundry Supplies,Laundry Basket
Laundry Supplies,Laundry Hamper
Laundry Supplies,Clothespins
Laundry Supplies,Clothesline
Laundry Supplies,Laundry Bags
Laundry Supplies,Delicates Wash Bag
Laundry Supplies,Iron
Laundry Supplies,Ironing Board
Laundry Supplies,Wrinkle Release Spray
Laundry Supplies,Static Guard Spray
Laundry Supplies,Lint Roller
Laundry Supplies,Lint Brush
Laundry Supplies,Fabric Freshener Spray
Laundry Supplies,Laundry Sanitizer
Laundry Supplies,Color Catcher Sheets
Laundry Supplies,Bleach Pen
Laundry Supplies,Laundry Pods
Laundry Supplies,Liquid Laundry Detergent
Laundry Supplies,Powdered Laundry Detergent
Laundry Supplies,High-Efficiency Detergent
Laundry Supplies,Allergen-Free Detergent
Laundry Supplies,Baby Laundry Detergent
Laundry Supplies,Detergent Booster
Laundry Supplies,Oxygen Bleach
Laundry Supplies,Scent Boosters
Laundry Supplies,Fabric Dye
Laundry Supplies,Laundry Pre-Treater
Laundry Supplies,Starch Spray
Laundry Supplies,Ironing Spray
Laundry Supplies,Clothing Repair Kit
Laundry Supplies,Clothes Hangers
Laundry Supplies,Drying Rack
Laundry Supplies,Dryer Balls
Laundry Supplies,Mesh Laundry Bag
Laundry Supplies,Laundry Markers
Laundry Supplies,Garment Steamer
Laundry Supplies,Steam Iron
Laundry Supplies,Fabric Shaver
Laundry Supplies,Pocket Steamer
Laundry Supplies,Laundry Measuring Cup
Laundry Supplies,Detergent Dispenser
Laundry Supplies,Laundry Room Organizer
Laundry Supplies,Detergent Sheets
Laundry Supplies,Detergent Tablets
Laundry Supplies,Laundry Scoop
Laundry Supplies,Fabric Protector Spray
Laundry Supplies,Portable Washing Machine
Laundry Supplies,Laundry Detergent Packs
Laundry Supplies,Reusable Dryer Sheets
Laundry Supplies,Wool Dryer Balls
Outdoor and Garden,Potting Soil
Outdoor and Garden,Plant Seeds
Outdoor and Garden,Fertilizer
Outdoor and Garden,Insect Repellent
Kitchen Supplies,Dish Towels
Kitchen Supplies,Oven Mitts
Kitchen Supplies,Cutting Board
Kitchen Supplies,Kitchen Utensils
Miscellaneous,Gift Cards
Miscellaneous,Greeting Cards
Miscellaneous,Batteries
Miscellaneous,Flashlight
Cleaning Products,Grout Cleaner
Cleaning Products,Leather Conditioner
Cleaning Products,Rug Shampoo
Personal Care Products,Toothbrushes
Personal Care Products,Conditioner
Personal Care Products,Face Wash
Personal Care Products,Lip Balm
Personal Care Products,Nail Clippers
Baby Products,Baby Lotion
Baby Products,Baby Powder
Baby Products,Baby Formula
Baby Products,Baby Bottles
Meat and Seafood,Pork Chops
Meat and Seafood,Shrimp
Meat and Seafood,Turkey Breast
Baking Supplies,Cake Mix
Baking Supplies,Frosting
Health and Wellness,Cough Syrup
Health and Wellness,Allergy Medicine
Office Supplies,Pencils
Office Supplies,Notebooks
Seasonal Items,Firewood
Hardware and Maintenance,Hammer
Outdoor and Garden,Garden Hose
Laundry Supplies,Iron
Self Healing,Fidget Spinner
Self Healing,Stress Relief Ball
Self Healing,Weighted Blanket
Self Healing,Therapeutic Putty
Self Healing,Noise-Canceling Headphones
Self Healing,Sensory Touch Blanket
Self Healing,Hand Therapy Balls
Self Healing,Foot Massager
Self Healing,Massage Roller
Self Healing,Handheld Massager
Self Healing,Adult Coloring Books
Self Healing,Colored Pencils
Self Healing,Soft Plush Toy
Self Healing,Watercolor Paint Set
Self Healing,Bubble Bath
Self Healing,Bath Bombs
Self Healing,Bath Salts
Self Healing,Scented Bath Soaps
Self Healing,Body Scrub
Self Healing,Heat Therapy Wrap
Self Healing,Cooling Gel Packs
Self Healing,Aromatherapy Candles
Self Healing,Essential Oils Diffuser
Self Healing,Scented Lotion
Self Healing,Comfortable Slippers
Self Healing,Comfortable Pillow
Self Healing,Sleep Mask
Self Healing,Earplugs
Self Healing,Noise Machine
Self Healing,Relaxation Tea
Self Healing,Herbal Teas
Self Healing,Tea Infuser
Self Healing,Mindfulness Journal
Self Healing,Guided Journaling Book
Self Healing,Breathing Exercise Guide
Self Healing,Mindfulness Books
Self Healing,Relaxation Music CDs
Self Healing,Nature Sounds CDs
Self Healing,Relaxation DVDs
Self Healing,Yoga Mat
Self Healing,Yoga Blocks
Self Healing,Yoga Strap
Self Healing,Acupressure Mat
Self Healing,Exercise Bands
Self Healing,Stress Management Workbook
Self Healing,Mood Tracker
Self Healing,Art Therapy Supplies
Self Healing,Sand Therapy Tray
Self Healing,Zen Garden Kit
Self Healing,Sun Lamp
Health and Wellness,Bandages
Health and Wellness,Antiseptic Wipes
Health and Wellness,Thermometer
Health and Wellness,Cough Syrup
Health and Wellness,Allergy Medication
Health and Wellness,Cold Medicine
Health and Wellness,Sunscreen
Health and Wellness,Lip Balm
Health and Wellness,Eye Drops
Health and Wellness,Hand Lotion
Health and Wellness,Foot Cream
Health and Wellness,Muscle Rub
Health and Wellness,Hot/Cold Packs
Health and Wellness,Nasal Spray
Health and Wellness,Cotton Swabs
Health and Wellness,Cotton Balls
Health and Wellness,Medical Tape
Health and Wellness,Elastic Bandages
Health and Wellness,Tweezers
Health and Wellness,Digital Thermometer
Health and Wellness,Blood Pressure Monitor
Health and Wellness,Glucose Meter
Health and Wellness,Insect Bite Cream
Health and Wellness,Antacids
Health and Wellness,Digestive Aids
Health and Wellness,Probiotics
Health and Wellness,Fiber Supplements
Health and Wellness,Multivitamins
Health and Wellness,Herbal Supplements
Health and Wellness,Omega-3 Supplements
Health and Wellness,Electrolyte Drinks
Health and Wellness,Energy Bars
Health and Wellness,Protein Powder
Health and Wellness,Workout Supplements
Health and Wellness,Ear Plugs
Health and Wellness,Sleep Aids
Health and Wellness,Essential Oils
Health and Wellness,Aromatherapy Diffusers
Health and Wellness,Yoga Mats
Health and Wellness,Resistance Bands
Health and Wellness,Exercise Balls
Health and Wellness,Foam Rollers
Health and Wellness,Massage Tools
Health and Wellness,Meditation CDs
Health and Wellness,Health Magazines
Health and Wellness,Pedometers
Health and Wellness,Fitness Trackers
Health and Wellness,Water Bottles
Health and Wellness,Sports Drinks
Health and Wellness,Sun Hats
Snacks,Chips
Snacks,Cookies
Snacks,Crackers
Snacks,Popcorn
Snacks,Pretzels
Snacks,Candy Bars
Snacks,Jerky
Snacks,Trail Mix
Snacks,Rice Cakes
Snacks,Fruit Snacks
Snacks,Protein Bars
Snacks,Pudding Cups
Snacks,Snack Cakes
Beverages,Bottled Water
Beverages,Orange Juice
Beverages,Soda
Beverages,Beer
Beverages,Apple Juice
Beverages,Wine
Beverages,Energy Drinks
Beverages,Almond Milk
Beverages,Soy Milk
Beverages,Coconut Water
Beverages,Sports Drinks
Beverages,Sparkling Water
Beverages,Lemonade
Beverages,Iced Tea
Dairy,Milk
Dairy,Cheese
Dairy,Butter
Dairy,Yogurt
Dairy,Cream Cheese
Dairy,Sour Cream
Dairy,Cottage Cheese
Dairy,Heavy Cream
Dairy,Half and Half
Dairy,Whipped Cream
Dairy,Ice Cream
Dairy,String Cheese
Dairy,Shredded Cheese
Dairy,Sliced Cheese
Dairy,Cream
Dairy,Buttermilk
Dairy,Powdered Milk
Dairy,Evaporated Milk
Dairy,Condensed Milk
Dairy,Greek Yogurt
Dairy,Chocolate Milk
Dairy,Lactose-Free Milk
Dairy,Margarine
Dairy,Coffee Creamer
Dairy,Mozzarella Cheese
Dairy,Cheddar Cheese
Dairy,Swiss Cheese
Dairy,Parmesan Cheese
Dairy,Feta Cheese
Dairy,Blue Cheese
Dairy,Ricotta Cheese
Dairy,Provolone Cheese
Dairy,Brie Cheese
Dairy,Goat Cheese
Dairy,Kefir
Dairy,Yogurt Drinks
Dairy,Ice Cream Bars
Dairy,Frozen Yogurt
Dairy,Cheese Sticks
Dairy,Butter Spread
Dairy,Colby Jack Cheese
Dairy,Monterey Jack Cheese
Dairy,Pepper Jack Cheese
Dairy,Gouda Cheese
Dairy,Colby Cheese
Dairy,Asiago Cheese
Dairy,Muenster Cheese
Dairy,Crumbled Blue Cheese
Dairy,Crumbled Feta Cheese
Dairy,Flavored Yogurt
Dairy,Fruit Yogurt
Frozen Foods,Frozen Meals
Frozen Foods,Frozen Fish Sticks
Frozen Foods,Frozen Chicken Nuggets
Frozen Foods,Frozen French Fries
Frozen Foods,Frozen Corn Dogs
Frozen Foods,Frozen Pie Crust
Frozen Foods,Frozen Breakfast Sandwiches
Frozen Foods,Frozen Dumplings
Frozen Foods,Frozen Meatballs
Frozen Foods,Frozen Vegetables
Frozen Foods,Frozen Fruit
Frozen Foods,Frozen Pizza
Frozen Foods,Frozen Waffles
Frozen Foods,Frozen Pancakes
Frozen Foods,Frozen Burritos
Frozen Foods,Frozen Lasagna
Frozen Foods,Frozen Pasta
Frozen Foods,Frozen Shrimp
Frozen Foods,Frozen Scallops
Frozen Foods,Frozen Yogurt
Frozen Foods,Frozen Sorbet
Frozen Foods,Frozen Pies
Frozen Foods,Frozen Cakes
Frozen Foods,Frozen Cookie Dough
Frozen Foods,Frozen Garlic Bread
Frozen Foods,Frozen Pretzels
Frozen Foods,Frozen Appetizers
Frozen Foods,Frozen Quiche
Frozen Foods,Frozen Breakfast Sausages
Frozen Foods,Frozen Hash Browns
Frozen Foods,Frozen Tater Tots
Frozen Foods,Frozen Edamame
Frozen Foods,Frozen Egg Rolls
Frozen Foods,Frozen Spring Rolls
Frozen Foods,Frozen Bagels
Frozen Foods,Frozen Empanadas
Frozen Foods,Frozen Taquitos
Frozen Foods,Frozen Enchiladas
Frozen Foods,Frozen Mozzarella Sticks
Frozen Foods,Frozen Potatoes
Frozen Foods,Frozen Mixed Berries
Frozen Foods,Frozen Corn
Frozen Foods,Frozen Peas
Frozen Foods,Frozen Broccoli
Frozen Foods,Frozen Spinach
Frozen Foods,Frozen Cauliflower
Frozen Foods,Frozen Stir-Fry Vegetables
Frozen Foods,Frozen Meat Substitutes
Frozen Foods,Frozen Vegan Meals
Frozen Foods,Frozen Desserts
Office Supplies,Printer Paper
Office Supplies,Pens
Office Supplies,Envelopes
Office Supplies,Sticky Notes
Office Supplies,Pencils
Office Supplies,Notebooks
Office Supplies,Highlighters
Office Supplies,Markers
Office Supplies,Stapler
Office Supplies,Staples
Office Supplies,Paper Clips
Office Supplies,Binder Clips
Office Supplies,Binders
Office Supplies,Folders
Office Supplies,File Folders
Office Supplies,Manila Envelopes
Office Supplies,Scissors
Office Supplies,Tape
Office Supplies,Masking Tape
Office Supplies,Packing Tape
Office Supplies,Glue
Office Supplies,Glue Sticks
Office Supplies,Correction Fluid
Office Supplies,Calculator
Office Supplies,Ruler
Office Supplies,Pencil Sharpener
Office Supplies,Whiteboard Markers
Office Supplies,Whiteboard Eraser
Office Supplies,Erasers
Office Supplies,Index Cards
Office Supplies,Calendar
Office Supplies,Desk Organizer
Office Supplies,Letter Tray
Office Supplies,Desk Lamp
Office Supplies,Push Pins
Office Supplies,Rubber Bands
Office Supplies,Label Maker
Office Supplies,Labels
Office Supplies,Presentation Folders
Office Supplies,Shipping Labels
Office Supplies,Bubble Wrap
Office Supplies,Postage Stamps
Office Supplies,Clipboard
Office Supplies,Document Shredder
Office Supplies,USB Flash Drive
Office Supplies,Printer Ink
Office Supplies,Toner Cartridge
Office Supplies,Monitor Stand
Office Supplies,Mouse Pad
Office Supplies,Keyboard Wrist Rest
Office Supplies,Headphones
Automotive Supplies,Motor Oil
Automotive Supplies,Windshield Washer Fluid
Automotive Supplies,Car Air Freshener
Automotive Supplies,Tire Pressure Gauge
Automotive Supplies,Antifreeze
Automotive Supplies,Brake Fluid
Automotive Supplies,Power Steering Fluid
Automotive Supplies,Transmission Fluid
Automotive Supplies,Engine Coolant
Automotive Supplies,Fuel Injector Cleaner
Automotive Supplies,Oil Filter
Automotive Supplies,Air Filter
Automotive Supplies,Spark Plugs
Automotive Supplies,Wiper Blades
Automotive Supplies,Car Wax
Automotive Supplies,Car Shampoo
Automotive Supplies,Wheel Cleaner
Automotive Supplies,Microfiber Towels
Automotive Supplies,Leather Cleaner
Automotive Supplies,Upholstery Cleaner
Automotive Supplies,Dashboard Cleaner
Automotive Supplies,Car Vacuum
Automotive Supplies,Car Polish
Automotive Supplies,Glass Cleaner
Automotive Supplies,Headlight Restoration Kit
Automotive Supplies,Car Battery
Automotive Supplies,Jumper Cables
Automotive Supplies,Tire Inflator
Automotive Supplies,Tire Repair Kit
Automotive Supplies,Fuses
Automotive Supplies,Engine Degreaser
Automotive Supplies,Radiator Flush
Automotive Supplies,Car Cover
Automotive Supplies,Seat Covers
Automotive Supplies,Floor Mats
Automotive Supplies,Steering Wheel Cover
Automotive Supplies,Portable Jump Starter
Automotive Supplies,OBD-II Scanner
Automotive Supplies,Emergency Road Kit
Automotive Supplies,First Aid Kit
Automotive Supplies,Fire Extinguisher
Automotive Supplies,Reflective Triangle
Automotive Supplies,Flashlight
Automotive Supplies,Work Gloves
Automotive Supplies,Tool Kit
Automotive Supplies,Socket Set
Automotive Supplies,Lug Wrench
Automotive Supplies,Jack Stands
Automotive Supplies,Hydraulic Jack
Automotive Supplies,Trailer Hitch
Automotive Supplies,Hitch Ball
Automotive Supplies,Trailer Wiring Kit
Automotive Supplies,Ratchet Straps
Automotive Supplies,Bungee Cords
Automotive Supplies,Cargo Net
Automotive Supplies,Bike Rack
Automotive Supplies,Rooftop Cargo Carrier
Automotive Supplies,Gas Can
Automotive Supplies,Fuel Stabilizer
Automotive Supplies,Seat Belt Cutter
Automotive Supplies,Window Breaker
Automotive Supplies,Sun Shade
Automotive Supplies,Snow Brush
Automotive Supplies,Ice Scraper
Automotive Supplies,Winter Wiper Fluid
Automotive Supplies,De-icer Spray
Automotive Supplies,Tire Chains
Automotive Supplies,Battery Charger
Automotive Supplies,Battery Terminal Cleaner
Automotive Supplies,Grease
Automotive Supplies,Brake Pads
Automotive Supplies,Wheel Chocks
Automotive Supplies,Paint Touch-up Kit
Automotive Supplies,Rust Remover
Automotive Supplies,Rust Preventative
Automotive Supplies,Car Duster
Automotive Supplies,Detailing Kit
Automotive Supplies,Gloves
Automotive Supplies,Shop Towels
Automotive Supplies,Seat Gap Filler
Automotive Supplies,Phone Mount
Automotive Supplies,USB Car Charger
Automotive Supplies,Bluetooth Receiver
Automotive Supplies,Auxiliary Cable
Automotive Supplies,GPS Device
Automotive Supplies,Dash Cam
Automotive Supplies,Back-up Camera
Automotive Supplies,Parking Sensors
Automotive Supplies,LED Light Bulbs
Automotive Supplies,Fog Lights
Automotive Supplies,Headlight Bulbs
Automotive Supplies,Taillight Bulbs
Automotive Supplies,Turn Signal Bulbs
Automotive Supplies,License Plate Frame
Automotive Supplies,Window Tint Film
Automotive Supplies,Decals
Automotive Supplies,Emblems
Automotive Supplies,Air Freshener Refills
Hardware and Maintenance,Duct Tape
Hardware and Maintenance,Light Bulbs
Hardware and Maintenance,Batteries
Hardware and Maintenance,Extension Cord
Hardware and Maintenance,Hammer
Hardware and Maintenance,Screwdriver
Hardware and Maintenance,Pliers
Hardware and Maintenance,Wrench Set
Hardware and Maintenance,Measuring Tape
Hardware and Maintenance,Nails
Hardware and Maintenance,Screws
Hardware and Maintenance,Utility Knife
Hardware and Maintenance,Super Glue
Hardware and Maintenance,Flashlight
Hardware and Maintenance,Sandpaper
Hardware and Maintenance,Level
Hardware and Maintenance,Stud Finder
Hardware and Maintenance,Drill Bits
Hardware and Maintenance,Allen Wrenches
Hardware and Maintenance,Wire Cutters
Hardware and Maintenance,Electrical Tape
Hardware and Maintenance,Masking Tape
Hardware and Maintenance,Zip Ties
Hardware and Maintenance,Work Gloves
Hardware and Maintenance,Safety Glasses
Hardware and Maintenance,Dust Mask
Hardware and Maintenance,Paint Brushes
Hardware and Maintenance,Paint Roller
Hardware and Maintenance,Drop Cloth
Hardware and Maintenance,Putty Knife
Hardware and Maintenance,Spackling Paste
Hardware and Maintenance,Caulking Gun
Hardware and Maintenance,Caulking
Hardware and Maintenance,Wood Glue
Hardware and Maintenance,WD-40
Hardware and Maintenance,Bungee Cords
Hardware and Maintenance,Toolbox
Hardware and Maintenance,Extension Ladder
Hardware and Maintenance,Step Stool
Hardware and Maintenance,Plunger
Hardware and Maintenance,Drain Snake
Hardware and Maintenance,Pipe Wrench
Hardware and Maintenance,Adjustable Wrench
Hardware and Maintenance,Circuit Tester
Hardware and Maintenance,Fuses
Hardware and Maintenance,Light Switches
Hardware and Maintenance,Outlet Covers
Hardware and Maintenance,Padlock
Hardware and Maintenance,Hinges
Hardware and Maintenance,Hooks
Hardware and Maintenance,Bolts and Nuts
Breakfast Items,Bagels
Breakfast Items,Yogurt
Breakfast Items,Breakfast Sausages
Breakfast Items,Granola
Breakfast Items,Cereal
Breakfast Items,Oatmeal
Breakfast Items,Pancake Mix
Breakfast Items,Waffles
Breakfast Items,French Toast
Breakfast Items,Eggs
Breakfast Items,Bacon
Breakfast Items,Sausage Links
Breakfast Items,Hash Browns
Breakfast Items,English Muffins
Breakfast Items,Toast
Breakfast Items,Croissants
Breakfast Items,Muffins
Breakfast Items,Doughnuts
Breakfast Items,Scones
Breakfast Items,Toaster Pastries
Breakfast Items,Breakfast Burritos
Breakfast Items,Breakfast Sandwiches
Breakfast Items,Quiche
Breakfast Items,Crepes
Breakfast Items,Granola Bars
Breakfast Items,Cereal Bars
Breakfast Items,Breakfast Wraps
Breakfast Items,Biscuits
Breakfast Items,Bagel Bites
Breakfast Items,Strudel
Breakfast Items,Cinnamon Rolls
Breakfast Items,Apple Turnovers
Breakfast Items,Breakfast Cookies
Breakfast Items,Protein Bars
Breakfast Items,Smoothies
Breakfast Items,Greek Yogurt
Breakfast Items,Yogurt Parfaits
Breakfast Items,Chia Pudding
Breakfast Items,Overnight Oats
Breakfast Items,Avocado Toast
Breakfast Items,Peanut Butter
Breakfast Items,Jelly
Breakfast Items,Jam
Breakfast Items,Honey
Breakfast Items,Cream Cheese
Breakfast Items,Maple Syrup
Breakfast Items,Fruit Salad
Breakfast Items,Dried Fruit
Breakfast Items,Nuts
Breakfast Items,Butter
Breakfast Items,Milk
Breakfast Items,Orange Juice
Breakfast Items,Apple Juice
Breakfast Items,Coffee
Breakfast Items,Tea
Baking Supplies,Baking Chocolate
Baking Supplies,Nuts
Baking Supplies,Sprinkles
Baking Supplies,Food Coloring
Baking Supplies,Powdered Sugar
Baking Supplies,Cornstarch
Baking Supplies,Corn Syrup
Baking Supplies,Molasses
Baking Supplies,Shortening
Baking Supplies,Cream of Tartar
Baking Supplies,Evaporated Milk
Baking Supplies,Condensed Milk
Baking Supplies,Almond Extract
Baking Supplies,Coconut Flakes
Baking Supplies,Gelatin
Baking Supplies,Pudding Mix
Baking Supplies,Cake Mix
Baking Supplies,Brownie Mix
Baking Supplies,Marshmallows
Baking Supplies,Butterscotch Chips
Baking Supplies,White Chocolate Chips
Baking Supplies,Caramel Bits
Baking Supplies,Edible Glitter
Baking Supplies,Decorative Icing
Baking Supplies,Colored Sugar
Baking Supplies,Gel Food Coloring
Baking Supplies,Meringue Powder
Baking Supplies,Raisins
Baking Supplies,Dried Cranberries
Baking Supplies,Dried Cherries
Baking Supplies,Shredded Coconut
Baking Supplies,Candied Fruit
Baking Supplies,Chocolate Syrup
Baking Supplies,Strawberry Syrup
Baking Supplies,Cookie Crumbs
Baking Supplies,Graham Cracker Crust
Baking Supplies,Pie Crusts
Baking Supplies,Lemon Extract
Baking Supplies,Peppermint Extract
Baking Supplies,Orange Extract
Baking Supplies,Banana Extract
Baking Supplies,Vanilla Bean
Baking Supplies,Orange Zest
Baking Supplies,Lemon Zest
Baking Supplies,Ground Cinnamon
Baking Supplies,Ground Nutmeg
Baking Supplies,Ground Ginger
Baking Supplies,Ground Cloves
Baking Supplies,Allspice
Baking Supplies,Cardamom
Baking Supplies,Bread Flour
Baking Supplies,Cake Flour
Baking Supplies,Pastry Flour
Baking Supplies,Self-Rising Flour
Baking Supplies,Baking Cups
Baking Supplies,Parchment Paper
Baking Supplies,Wax Paper
Baking Supplies,Cooking Spray
Seasonal Items,Holiday Decorations
Seasonal Items,Scented Candles
Seasonal Items,Seasonal Spices
Seasonal Items,Gift Wrap
Seasonal Items,Wrapping Paper
Seasonal Items,Gift Bags
Seasonal Items,Ribbons and Bows
Seasonal Items,Holiday Greeting Cards
Seasonal Items,Holiday Lights
Seasonal Items,Ornaments
Seasonal Items,Advent Calendars
Seasonal Items,Halloween Costumes
Seasonal Items,Pumpkins
Seasonal Items,Easter Eggs
Seasonal Items,Fireworks
Seasonal Items,Valentine's Day Chocolates
Seasonal Items,Party Supplies
Seasonal Items,New Year's Eve Party Hats
Seasonal Items,Thanksgiving Decorations
Seasonal Items,St. Patrick's Day Decorations
Seasonal Items,Fourth of July Flags
Seasonal Items,Hanukkah Candles
Seasonal Items,Menorahs
Seasonal Items,Kwanzaa Decorations
Seasonal Items,Mother's Day Cards
Seasonal Items,Father's Day Cards
Seasonal Items,Seasonal Plush Toys
Seasonal Items,Holiday Baking Supplies
Seasonal Items,Seasonal Candy
Seasonal Items,Christmas Trees
Seasonal Items,Tree Stands
Seasonal Items,Wreaths
Seasonal Items,Garlands
Seasonal Items,Table Centerpieces
Seasonal Items,Holiday Stockings
Seasonal Items,Stocking Stuffers
Seasonal Items,Holiday Music CDs
Seasonal Items,Holiday Movies
Seasonal Items,Holiday-themed Clothing
Seasonal Items,Winter Hats and Gloves
Seasonal Items,Snow Shovels
Seasonal Items,Sleds
Seasonal Items,Sunscreen
Seasonal Items,Beach Towels
Seasonal Items,Picnic Supplies
Seasonal Items,BBQ Supplies
Seasonal Items,Insect Repellent
Seasonal Items,Coolers
Seasonal Items,Camping Gear
Seasonal Items,Garden Seeds
Seasonal Items,Seasonal Plants
Pet Supplies,Dog Food
Pet Supplies,Cat Litter
Pet Supplies,Pet Treats
Pet Supplies,Pet Shampoo
Pet Supplies,Dog Toys
Pet Supplies,Cat Toys
Pet Supplies,Pet Beds
Pet Supplies,Pet Bowls
Pet Supplies,Pet Leashes
Pet Supplies,Pet Collars
Pet Supplies,Pet Grooming Brushes
Pet Supplies,Pet Nail Clippers
Pet Supplies,Pet Dental Care Products
Pet Supplies,Pet Waste Bags
Pet Supplies,Pet Carrier
Pet Supplies,Pet Crate
Pet Supplies,Pet Training Pads
Pet Supplies,Pet Stain Remover
Pet Supplies,Pet Odor Eliminator
Pet Supplies,Pet Vitamins
Pet Supplies,Pet Flea and Tick Treatment
Pet Supplies,Pet Ear Cleaner
Pet Supplies,Pet First Aid Kit
Pet Supplies,Pet Clothing
Pet Supplies,Pet Life Jacket
Pet Supplies,Pet Harness
Pet Supplies,Pet ID Tags
Pet Supplies,Pet Water Fountain
Pet Supplies,Pet Food Storage Container
Pet Supplies,Pet Hair Roller
Pet Supplies,Pet Travel Bowl
Pet Supplies,Pet Cooling Mat
Pet Supplies,Pet Sunscreen
Pet Supplies,Pet Calming Aid
Pet Supplies,Pet Joint Supplements
Pet Supplies,Pet Probiotics
Pet Supplies,Pet Allergy Relief
Pet Supplies,Pet Eye Drops
Pet Supplies,Pet Dental Chews
Pet Supplies,Pet Litter Box
Pet Supplies,Aquarium Supplies
Pet Supplies,Bird Seed
Pet Supplies,Bird Cage Accessories
Pet Supplies,Small Animal Bedding
Pet Supplies,Reptile Supplies
Pet Supplies,Pet Grooming Wipes
Pet Supplies,Pet Deodorizing Spray
Pet Supplies,Pet Hair Remover Glove
Pet Supplies,Pet Feeding Mat
Pet Supplies,Pet Pill Pockets
Pet Supplies,Pet Breath Freshener
Outdoor and Garden,Watering Can
Outdoor and Garden,Garden Gloves
Outdoor and Garden,Garden Hose
Outdoor and Garden,Hose Nozzle
Outdoor and Garden,Pruning Shears
Outdoor and Garden,Garden Trowel
Outdoor and Garden,Garden Rake
Outdoor and Garden,Shovel
Outdoor and Garden,Wheelbarrow
Outdoor and Garden,Garden Kneeling Pad
Outdoor and Garden,Compost Bin
Outdoor and Garden,Compost Bags
Outdoor and Garden,Plant Markers
Outdoor and Garden,Plant Stakes
Outdoor and Garden,Tomato Cages
Outdoor and Garden,Plant Support Ties
Outdoor and Garden,Garden Netting
Outdoor and Garden,Garden Trellis
Outdoor and Garden,Garden Fence
Outdoor and Garden,Bird Feeder
Outdoor and Garden,Bird Seed
Outdoor and Garden,Sprinkler
Outdoor and Garden,Spray Nozzle
Outdoor and Garden,Garden Edging
Outdoor and Garden,Weed Barrier Fabric
Outdoor and Garden,Weed Puller
Outdoor and Garden,Garden Mulch
Outdoor and Garden,Lawn Fertilizer
Outdoor and Garden,Lawn Aerator
Outdoor and Garden,Grass Seed
Outdoor and Garden,Garden Lighting
Outdoor and Garden,Outdoor Thermometer
Outdoor and Garden,Garden Fountain
Outdoor and Garden,Hanging Planters
Outdoor and Garden,Flower Pots
Outdoor and Garden,Vegetable Planter Boxes
Outdoor and Garden,Garden Sprayer
Outdoor and Garden,Lawn Mower
Outdoor and Garden,Grass Trimmer
Outdoor and Garden,Leaf Blower
Outdoor and Garden,Garden Statues
Outdoor and Garden,Outdoor Furniture
Outdoor and Garden,Outdoor Cushions
Outdoor and Garden,Patio Umbrella
Outdoor and Garden,Outdoor Rug
Outdoor and Garden,Hummingbird Feeder
Outdoor and Garden,Garden Storage Shed
Outdoor and Garden,Garden Arch
Outdoor and Garden,Pest Control Traps
Outdoor and Garden,Garden Timer
Kitchen Supplies,Measuring Cups
Kitchen Supplies,Measuring Spoons
Kitchen Supplies,Spatulas
Kitchen Supplies,Whisk
Kitchen Supplies,Colander
Kitchen Supplies,Can Opener
Kitchen Supplies,Vegetable Peeler
Kitchen Supplies,Grater
Kitchen Supplies,Rolling Pin
Kitchen Supplies,Mixing Bowls
Kitchen Supplies,Pots and Pans
Kitchen Supplies,Casserole Dish
Kitchen Supplies,Baking Sheet
Kitchen Supplies,Muffin Tin
Kitchen Supplies,Blender
Kitchen Supplies,Food Processor
Kitchen Supplies,Coffee Maker
Kitchen Supplies,Kettle
Kitchen Supplies,Toaster
Kitchen Supplies,Microwave
Kitchen Supplies,Knife Set
Kitchen Supplies,Knife Sharpener
Kitchen Supplies,Kitchen Scale
Kitchen Supplies,Oven Thermometer
Kitchen Supplies,Timer
Kitchen Supplies,Meat Thermometer
Kitchen Supplies,Pot Holders
Kitchen Supplies,Apron
Kitchen Supplies,Food Storage Containers
Kitchen Supplies,Silicone Baking Mat
Kitchen Supplies,Cookie Cutters
Kitchen Supplies,Ice Cube Trays
Kitchen Supplies,Cheesecloth
Kitchen Supplies,Funnel
Kitchen Supplies,Kitchen Shears
Kitchen Supplies,Ladle
Kitchen Supplies,Tongs
Kitchen Supplies,Slotted Spoon
Kitchen Supplies,Strainer
Kitchen Supplies,Tea Infuser
Kitchen Supplies,Water Pitcher
Kitchen Supplies,Electric Mixer
Kitchen Supplies,Electric Grill
Kitchen Supplies,Slow Cooker
Kitchen Supplies,Air Fryer
Kitchen Supplies,Pressure Cooker
Kitchen Supplies,Juicer
Kitchen Supplies,Bread Maker
Kitchen Supplies,Ice Cream Maker
Kitchen Supplies,Pizza Stone
Personal Care Products,Toothbrush
Personal Care Products,Toothpaste
Personal Care Products,Shampoo
Personal Care Products,Conditioner
Personal Care Products,Body Wash
Personal Care Products,Bar Soap
Personal Care Products,Deodorant
Personal Care Products,Antiperspirant
Personal Care Products,Body Lotion
Personal Care Products,Face Wash
Personal Care Products,Facial Moisturizer
Personal Care Products,Sunscreen
Personal Care Products,Hand Cream
Personal Care Products,Foot Cream
Personal Care Products,Nail Clippers
Personal Care Products,Nail File
Personal Care Products,Cuticle Oil
Personal Care Products,Cuticle Pusher
Personal Care Products,Hair Brush
Personal Care Products,Comb
Personal Care Products,Hair Gel
Personal Care Products,Hair Wax
Personal Care Products,Hair Mousse
Personal Care Products,Hair Spray
Personal Care Products,Hair Serum
Personal Care Products,Leave-in Conditioner
Personal Care Products,Beard Oil
Personal Care Products,Beard Balm
Personal Care Products,Beard Brush
Personal Care Products,Beard Scissors
Personal Care Products,Shaving Razor Blades
Personal Care Products,Aftershave
Personal Care Products,Shaving Brush
Personal Care Products,Shaving Soap
Personal Care Products,Electric Razor
Personal Care Products,Nose Hair Trimmer
Personal Care Products,Ear Hair Trimmer
Personal Care Products,Tweezers
Personal Care Products,Eyebrow Scissors
Personal Care Products,Eyebrow Razor
Personal Care Products,Facial Cleansing Brush
Personal Care Products,Cleansing Wipes
Personal Care Products,Exfoliating Scrub
Personal Care Products,Bath Bombs
Personal Care Products,Bath Salts
Personal Care Products,Bath Sponge
Personal Care Products,Loofah
Personal Care Products,Bath Towel
Personal Care Products,Hand Towel
Personal Care Products,Ear Cleaner
Personal Care Products,Ear Wax Removal Kit
Personal Care Products,Makeup Remover
Personal Care Products,Makeup Remover Wipes
Personal Care Products,Cotton Swabs
Personal Care Products,Disposable Razors
Personal Care Products,Shaving Cream (Sensitive Skin)
Personal Care Products,Tooth Whitener
Personal Care Products,Dental Picks
Personal Care Products,Dental Guard
Personal Care Products,Mouth Guard
Personal Care Products,Electric Toothbrush
Personal Care Products,Toothbrush Replacement Heads
Personal Care Products,Floss Picks
Personal Care Products,Tongue Scraper
Personal Care Products,Denture Cleaner
Personal Care Products,Denture Adhesive
Personal Care Products,Hair Tie
Personal Care Products,Hair Clip
Personal Care Products,Shower Cap
Personal Care Products,Hair Drying Towel
Personal Care Products,Exfoliating Mitt
Personal Care Products,Body Scrub
Personal Care Products,Foot Scrub
Personal Care Products,Foot File
Personal Care Products,Callus Remover
Personal Care Products,Blemish Extractor
Personal Care Products,Acne Treatment
Personal Care Products,Facial Toner
Personal Care Products,Facial Serum
Personal Care Products,Eye Cream
Personal Care Products,Lip Balm
Personal Care Products,Lip Scrub
Personal Care Products,Lip Mask
Personal Care Products,Hand Sanitizer
Personal Care Products,Body Powder
Personal Care Products,Feminine Hygiene Products
Personal Care Products,Menstrual Pads
Personal Care Products,Menstrual Cups
Personal Care Products,Tampons
Personal Care Products,Incontinence Pads
Personal Care Products,Adult Wipes
Personal Care Products,Body Spray
Personal Care Products,Perfume
Personal Care Products,Cologne
Personal Care Products,Essential Oils
Personal Care Products,Essential Oil Diffuser
Personal Care Products,Deodorant Wipes
Personal Care Products,Body Oil
Personal Care Products,Shaving Gel
Personal Care Products,Epilator
Personal Care Products,Hot Wax Kit
Personal Care Products,Wax Strips
Personal Care Products,Hair Removal Cream
Personal Care Products,Body Wash (Sensitive Skin)
Personal Care Products,Skin Balm
Personal Care Products,Talcum Powder
Personal Care Products,Sunburn Relief Gel
Personal Care Products,After Sun Lotion
Personal Care Products,Travel Toiletry Kit
Personal Care Products,Toiletry Bag
Personal Care Products,Pumice Stone
Personal Care Products,Hair Cutting Scissors
Personal Care Products,Scalp Massager
Personal Care Products,Foot Massager
Personal Care Products,Massage Oil
Personal Care Products,Whitening Mouthwash
Personal Care Products,Mouthwash (Alcohol-Free)
Personal Care Products,Mouthwash Dispenser
Personal Care Products,Travel Toothbrush
Personal Care Products,Travel Toothpaste
Personal Care Products,Travel Shampoo
Personal Care Products,Travel Conditioner
Personal Care Products,Travel Body Wash
Personal Care Products,Travel Deodorant
Personal Care Products,Travel Razor
Personal Care Products,Travel Mouthwash
Paper Products,Napkins
Paper Products,Paper Plates
Paper Products,Disposable Cups
Paper Products,Solo Cups
Paper Products,Coffee Filters
Paper Products,Paper Towels
Paper Products,Paper Bags
Paper Products,Grocery Paper Bags
Paper Products,Brown Paper Bags
Paper Products,Cellophane Wrap
Paper Products,Wax Paper Wrap
Paper Products,Parchment Paper
Paper Products,Baking Paper
Paper Products,Tissue Paper
Paper Products,Toilet Paper
Paper Products,Mega Rolls Toilet Paper
Paper Products,Facial Tissues
Paper Products,Paper Straws
Paper Products,Paper Coffee Sleeves
Paper Products,Plastic-Free Tablecloths
